belief_in_model_cb,belief_in_model_cf,belief_in_interaction_strength_views_global,belief_in_interaction_strength_likes_global,belief_in_interaction_strength_views,belief_in_interaction_strength_likes,recall_at_5_hybrid,recall_at_10_hybrid,recall_at_5_hybrid_or_fuzzy_hybrid,recall_at_10_hybrid_or_fuzzy_hybrid,recall_at_5_cf,recall_at_10_cf,recall_at_5_cb,recall_at_10_cb,recall_at_5_pop,recall_at_10_pop

3,6,2,7,9,7,0.12727272727272726,0.3212121212121212,0.17575757575757575,0.3090909090909091,0.4090909090909091,0.4303030303030303,0.19696969696969696,0.22727272727272727,0.41515151515151516,0.4303030303030303
0,5,5,7,9,1,0.08484848484848485,0.3,0.17272727272727273,0.3090909090909091,0.403030303030303,0.4303030303030303,0.19393939393939394,0.22727272727272727,0.4121212121212121,0.4303030303030303
8,9,3,8,2,9,0.12424242424242424,0.31212121212121213,0.1787878787878788,0.31212121212121213,0.40606060606060607,0.4303030303030303,0.19696969696969696,0.22727272727272727,0.41818181818181815,0.4303030303030303
0,5,5,7,9,1,0.08484848484848485,0.3,0.17272727272727273,0.3090909090909091,0.403030303030303,0.4303030303030303,0.19696969696969696,0.22727272727272727,0.41818181818181815,0.4303030303030303
