belief_in_model_cb,belief_in_model_cf,belief_in_interaction_strength_views_global,belief_in_interaction_strength_likes_global,belief_in_liked,belief_in_viewed,recall_at_5,recall_at_10

8,5,6,5,7,4,0.4696969696969697,0.5484848484848485
4,6,1,7,8,3,0.45454545454545453,0.5424242424242425
0,5,5,7,9,1,0.43636363636363634,0.5424242424242425
3,6,1,6,9,7,0.44242424242424244,0.5303030303030303
7,0,2,5,4,5,0.4484848484848485,0.5393939393939394
