belief_in_model_cb,belief_in_model_cf,recall_at_5_hybrid,recall_at_10_hybrid,recall_at_5_hybrid_or_fuzzy_hybrid,recall_at_10_hybrid_or_fuzzy_hybrid,recall_at_5_cf,recall_at_10_cf,recall_at_5_cb,recall_at_10_cb,recall_at_5_pop,recall_at_10_pop

6,9,0.19090909090909092,0.3333333333333333,0.17575757575757575,0.3151515151515151,0.4090909090909091,0.4303030303030303,0.1393939393939394,0.1696969696969697,0.8515151515151516,0.996969696969697
0,5,0.08484848484848485,0.3,0.17272727272727273,0.3090909090909091,0.4090909090909091,0.4303030303030303,0.1393939393939394,0.1696969696969697,0.8515151515151516,0.996969696969697
5,7,0.11212121212121212,0.3090909090909091,0.17272727272727273,0.3090909090909091,0.4090909090909091,0.4303030303030303,0.1393939393939394,0.1696969696969697,0.8515151515151516,0.996969696969697
