belief_in_model_cb,belief_in_model_cf,recall_at_5_hybrid,recall_at_10_hybrid,recall_at_5_hybrid_or_fuzzy_hybrid,recall_at_10_hybrid_or_fuzzy_hybrid,recall_at_5_cf,recall_at_10_cf,recall_at_5_cb,recall_at_10_cb,recall_at_5_pop,recall_at_10_pop
1,8,0.11515151515151516,0.31212121212121213,0.17272727272727273,0.30606060606060603,0.40606060606060607,0.4303030303030303,0.19090909090909092,0.23636363636363636,0.8515151515151516,0.996969696969697
9,1,0.2545454545454545,0.3606060606060606,0.18181818181818182,0.3212121212121212,0.4090909090909091,0.4303030303030303,0.19090909090909092,0.23636363636363636,0.8515151515151516,0.996969696969697
3,6,0.12727272727272726,0.3212121212121212,0.17575757575757575,0.3090909090909091,0.4090909090909091,0.4303030303030303,0.19090909090909092,0.23636363636363636,0.8515151515151516,0.996969696969697
